<strong>Title</strong>,<strong>City Published</strong>,<strong>Country</strong>,<strong>Publisher</strong>,<strong>Date</strong>,<strong>Translation</strong>,<strong>Country Context</strong>,Transcr.,Translator,Digitised,Notes
De l'esprit des loix,Geneva,Geneva City State,Barrillot and Fils,1748,French,Swiss States and Associates,Y,,"<a target=""_blank"" rel=""noopener noreferrer"" href=""https://gallica.bnf.fr/ark:/12148/btv1b8618461c"">Gallica BnF</a>","<a target=""_blank"" rel=""noopener noreferrer"" href=""https://books.openedition.org/pur/38663?lang=en"">First (princeps) edition published anonymously in Geneva by Barrillot & Fils</a>, overseen cautiously by Montesquieu amid censorship concerns."
De l'esprit des loix,Paris,France,Barillot and Fils [Durand],1748,French,France,,,,"<a target=""_blank"" rel=""noopener noreferrer"" href=""https://books.openedition.org/pur/38663?lang=en"">Parisian reprint published in January 1749</a> under the address: ""In Geneva, at Barillot fils"" with corrections list (errata)"
De l'esprit des lois,Lyon,France,"Les Libraires Associés [Duplain, impr. Delaroche]",1749,French,France,,,,"Additional corrections are also among the errata printed in another in-4° <a target=""_blank"" rel=""noopener noreferrer"" href=""https://books.openedition.org/pur/38663?lang=en"">edition of 1749</a> which probably dates from March and bears the false address: ""A Leiden, Chez les Libraires associés"" (this is a Lyon edition printed by Aimé Delaroche for Pierre and Benoît Duplain)"
De l'esprit des lois,Geneva,Geneva City State,Barrillot and Fils,1749,French,Swiss States and Associates,,,,
De l'esprit des lois,Geneva,Geneva City State,Barrillot and Fils,1749,French,Swiss States and Associates,,,"Part 1–2. <a target=""_blank"" rel=""noopener noreferrer"" href=""https://archive.org/details/delespritdesloi11montgoog"">Internet Archive</a>","Montesquieu sent list of corrections to Geneva. Barrillot had been authorised by Vernet to prepare two reprints of the <a target=""_blank"" rel=""noopener noreferrer"" href=""https://books.openedition.org/pur/38663?lang=en"">1748 edition</a>, one in two volumes in-4°, the other in three volumes in-8°"
De l'esprit des lois,Geneva,Geneva City State,Barrillot and Fils,1749,French,Swiss States and Associates,,,"Tome 1. <a target=""_blank"" rel=""noopener noreferrer"" href=""https://archive.org/details/bub_gb_Gq8AqngDxVwC"">Internet Archive</a><br>Tome 2 <a target=""_blank"" rel=""noopener noreferrer"" href=""https://archive.org/details/bub_gb_31tEwGSDc5sC"">Internet Archive</a>","Montesquieu sent list of corrections to Geneva. Barrillot had been authorised by Vernet to prepare two reprints of the <a target=""_blank"" rel=""noopener noreferrer"" href=""https://books.openedition.org/pur/38663?lang=en"">1748 edition</a>, one in two volumes in-4°, the other in three volumes in-8°"
De l'esprit des lois,Paris,France,Barrillot and Fils [Huart],1749,French,France,,,,"Parisian bookseller-printer Pierre-Michel Huart prints <a target=""_blank"" rel=""noopener noreferrer"" href=""https://books.openedition.org/pur/38663?lang=en"">edition</a>, two volumes in-4°, which includes a Table of contents and a map; it appeared in May 1749, under the false address: ""In Geneva, at Barrillot et fils""."
De l'esprit des lois,Paris,France,Barrillot and Fils [Huart],1749,French,France,,,,"Parisian bookseller-printer Pierre-Michel Huart prints <a target=""_blank"" rel=""noopener noreferrer"" href=""https://books.openedition.org/pur/38663?lang=en"">edition</a>, two volumes in-4°, which includes a Table of contents and a map; it appeared in May 1749, under the false address: ""In Geneva, at Barrillot et fils""."
De l'esprit des lois,London,England,Barrillot and Fils [Nourse],1749,French,Great Britain,,,,"London bookseller-printer John Nourse, who will publish in May or June a two-volume <a target=""_blank"" rel=""noopener noreferrer"" href=""https://books.openedition.org/pur/38663?lang=en"">edition</a> in-8°, which bear Barrillot's address."
De l'esprit des lois,Amsterdam,United Provinces,La Compagnie,1749,French,United Provinces,,,,"<a target=""_blank"" rel=""noopener noreferrer"" href=""https://books.openedition.org/pur/38663?lang=en"">Two volumes in-4°</a>, which is based on the Barrillot in-8° edition of 1749 and bears on the title page the address: ""À Amsterdam, La Compagnie""."
De l'esprit des lois,Amsterdam,United Provinces,Chatelain,1749,French,United Provinces,,,"Tome 2. <a target=""_blank"" rel=""noopener noreferrer"" href=""https://archive.org/details/delespritdesloi00secogoog"">Internet Archive</a><br>Tome 3. <a target=""_blank"" rel=""noopener noreferrer"" href=""https://archive.org/details/delespritdesloi00troigoog"">Internet Archive</a>","Printers seem to have had access to the list of corrections, which resulted in a <a target=""_blank"" rel=""noopener noreferrer"" href=""https://books.openedition.org/pur/38663?lang=en"">reprint</a> of the Huart edition of 1749 in three volumes in-8° published in Amsterdam by Chatelain."
De l'esprit des lois,Paris,France,Barillot and Fils [Durand],1749,French,France,,,,"<a target=""_blank"" rel=""noopener noreferrer"" href=""https://books.openedition.org/pur/38663?lang=en"">An in-8° edition</a> in three volumes published under the address of Barillot; it is probably a new Parisian reprint published by Durand."
The Spirit of the Laws,London,England,Nourse and Vaillant,1750,English,Great Britain,Y,"<a target=""_blank"" rel=""noopener noreferrer"" href=""https://en.wikipedia.org/wiki/Thomas_Nugent_(travel_writer)"">Thomas Nugent (1700–1772)</a>","<a target=""_blank"" rel=""noopener noreferrer"" href=""https://https://link.gale.com/apps/doc/CW0124046306/ECCO?u=franche&sid=bookmark-ECCO&xid=75f26234&pg=445"">Gale digitised edition.</a><br>Vol. 1 <a target=""_blank"" rel=""noopener noreferrer"" href=""https://archive.org/details/spiritlaws02nugegoog"">Internet Archive</a><br>Vol. 2 <a target=""_blank"" rel=""noopener noreferrer"" href=""https://archive.org/details/bim_eighteenth-century_the-spirit-of-laws-tran_montesquieu-charles-de-_1750_2"">Internet Archive</a>",
Lo spirito delle leggi,Naples,Italian States,Simone,1750,Italian,Italian States,Y,"<a target=""_blank"" rel=""noopener noreferrer"" href=""https://www.finarte.it/asta/libri-autografi-e-stampe-roma-2024-07-04/charles-louis-de-secondat-montesquieu-spirito-delle-leggi-con-le-note-dell-abate-antonio-genovesi-124811"">Giuseppe Maria Mecatti</a>","Tome 1. <a target=""_blank"" rel=""noopener noreferrer"" href=""https://www.byterfly.eu/islandora/object/libria:144126#mode/2up""> byterfly.eu</a><br>Tome 2. <a target=""_blank"" rel=""noopener noreferrer"" href=""https://www.google.de/books/edition/Dello_spirito_delle_leggi_ovvero_del_rap/vgrw6Adf0oIC?hl=en&gbpv=1&dq=spirito+delle+leggi&printsec=frontcover"">  Google Books</a>","<a target=""_blank"" rel=""noopener noreferrer"" href=""https://www.finarte.it/asta/libri-autografi-e-stampe-roma-2024-07-04/charles-louis-de-secondat-montesquieu-spirito-delle-leggi-con-le-note-dell-abate-antonio-genovesi-124811"" title=""Finarte lot: notes on earlier Mecatti translation"">Earliest Italian translation</a>, begun by Giuseppe Maria Mecatti in Naples, partial and censored, printed by Giovanni di Simone."
De l'esprit des lois,Edinburgh,Scotland,Hamilton and Balfour,1750,French,Great Britain,,,"Vol. 1. <a target=""_blank"" rel=""noopener noreferrer"" href=""https://archive.org/details/bim_eighteenth-century_de-lesprit-des-loix-_montesquieu-charles-de-_1750_1"">Internet Archive</a><br>Vol. 2.<a target=""_blank"" rel=""noopener noreferrer"" href=""https://archive.org/details/bim_eighteenth-century_de-lesprit-des-loix-_montesquieu-charles-de-_1750_2"">Internet Archive</a>","<a target=""_blank"" rel=""noopener noreferrer"" href=""https://books.openedition.org/pur/38663?lang=en"">The Scottish edition</a>, in two volumes in-8°, dated 1750, will be published in November 1749, David Hume and a certain Mr. Alexandre having played the role of intermediaries between Montesquieu and the Hamilton publishing house and Balfour of Edinburgh."
De l'esprit des lois,Paris,France,Barrillot and Fils [Huart and Moreau],1750,French,France,Y,,"Tome 2 <a target=""_blank"" rel=""noopener noreferrer"" href=""https://books.google.fr/books?id=cGNeAAAAcAAJ"">Google Books</a><br>Tome 3 <a target=""_blank"" rel=""noopener noreferrer"" href=""https://archive.org/details/delespritdesloix03mont"">Internet Archive</a>","New corrections to Huart for a <a target=""_blank"" rel=""noopener noreferrer"" href=""https://books.openedition.org/pur/38663?lang=en"">1750 edition</a> in three volumes in-12 (published under the false address of Barrillot or Nourse). Montesquieu alludes to this in a letter dated April 8, 1750 addressed to Grosley: the most exact edition is the last edition printed in 3 vols. in-12, in Paris, at Huart, bookseller, rue Saint-Jacques, near Fontaine Saint-Séverin""."
The Spirit of the Laws,Dublin,Ireland,"Dublin: G. and A. Ewing, and Faulkner",1751,English,Ireland,,,"Vol. 1. <a target=""_blank"" rel=""noopener noreferrer"" href=""https://archive.org/details/bim_eighteenth-century_the-spirit-of-laws-tran_montesquieu-charles-de-_1751_1""> Internet Archive.</a><br>Vol. 2. <a target=""_blank"" rel=""noopener noreferrer"" href=""https://archive.org/details/bim_eighteenth-century_the-spirit-of-laws-tran_montesquieu-charles-de-_1751_2"">Internet Archive</a>",
De l'esprit des lois,Paris,France,Barrillot and Fils [Huart],1751,French,France,,,,
De l'esprit des lois,Paris,France,Barrillot and Fils [Huart],1751,French,France,,,,
The Spirit of the Laws,London,England,Nourse and Vaillant,1752,English,Great Britain,,"<a target=""_blank"" rel=""noopener noreferrer"" href=""https://en.wikipedia.org/wiki/Thomas_Nugent_(travel_writer)"">Thomas Nugent (1700–1772)</a>","Vol. 1. <a target=""_blank"" rel=""noopener noreferrer"" href=""https://archive.org/details/bim_eighteenth-century_the-spirit-of-laws-tran_montesquieu-charles-de-_1752_1"">Internet Archive</a><br>Vol. 2.<a target=""_blank"" rel=""noopener noreferrer"" href=""https://archive.org/details/bim_eighteenth-century_the-spirit-of-laws-tran_montesquieu-charles-de-_1752_2"">Internet Archive</a>",
Vom Geist der Gesetze,Leipzig,German States,S.N.,1753,German,German States,Y,"Translated by <a target=""_blank"" rel=""noopener noreferrer"" href=""https://www.zvab.com/buch-suchen/titel/werk-von-den-gesetzen/autor/montesquieu/"">Abraham Gotthelf Kästner</a>","<a target=""_blank"" rel=""noopener noreferrer"" href=""https://www.google.de/books/edition/Von_den_Gesetzen/COGUWb3c-JAC?hl=en&gbpv=1&dq=Vom+Geist+der+Gesetze&printsec=frontcover"">Google Books</a>",
Vom Geist der Gesetze,Frankfurt,German States,S.N.,1753,German,German States,Y,"Translated by <a target=""_blank"" rel=""noopener noreferrer"" href=""https://www.zvab.com/buch-suchen/titel/werk-von-den-gesetzen/autor/montesquieu/"">Abraham Gotthelf Kästner</a>","<a target=""_blank"" rel=""noopener noreferrer"" href=""https://www.google.de/books/edition/Von_den_Gesetzen/COGUWb3c-JAC?hl=en&gbpv=1&dq=Vom+Geist+der+Gesetze&printsec=frontcover"">Google Books</a>",
De l'esprit des lois,Geneva,Geneva City State,Barrillot and Fils,1753,French,Swiss States and Associates,,,,
De l'esprit des lois,Amsterdam,United Provinces,La Compagnie,1755,French,United Provinces,,,,
De l'esprit des lois,Amsterdam,United Provinces,La Compagnie,1755,French,United Provinces,,,,
The Spirit of the Laws.,Aberdeen,Scotland,Douglass and Murray,1756,English,Great Britain,,,"Vol. 1. <a target=""_blank"" rel=""noopener noreferrer"" href=""https://archive.org/details/bim_eighteenth-century_the-spirit-of-laws-writ_montesquieu-charles-de-_1756_1"">Internet Archive</a><br>Vol. 2. <a target=""_blank"" rel=""noopener noreferrer"" href=""https://archive.org/details/bim_eighteenth-century_the-spirit-of-laws-writ_montesquieu-charles-de-_1756_2"">Internet Archive</a>",
De l'esprit des lois,Paris,France,Huart and Moreau,1757,French,France,,,"Vol. 1. <a target=""_blank"" rel=""noopener noreferrer"" href=""https://archive.org/details/bim_eighteenth-century_de-lesprit-des-loix_montesquieu-charles-de-_1757_1"">Internet Archive</a><br>Vol. 2. <a target=""_blank"" rel=""noopener noreferrer"" href=""https://archive.org/details/bim_eighteenth-century_de-lesprit-des-loix_montesquieu-charles-de-_1757_2"">Internet Archive</a><br>Vol. 3. <a target=""_blank"" rel=""noopener noreferrer"" href=""https://archive.org/details/bim_eighteenth-century_de-lesprit-des-loix_montesquieu-charles-de-_1757_3"">Internet Archive</a><br>Vol. 4. <a target=""_blank"" rel=""noopener noreferrer"" href=""https://archive.org/details/bim_eighteenth-century_de-lesprit-des-loix_montesquieu-charles-de-_1757_4"">Internet Archive</a>","Montesquieu, carrying out a more general revision to take into account the religious criticism that the work had attracted. This work was interrupted by his death in 1755 and the revised edition, prepared by third parties, did not appear until 1757. <a target=""_blank"" rel=""noopener noreferrer"" href=""https://books.openedition.org/pur/38663?lang=en"">Published in Paris by Huart and Moreau (under the address ""London, chez Nourse"") in four volumes in-12.</a>"
The Spirit of the Laws,London,England,Nourse and Vaillant,1758,English,Great Britain,,"<a target=""_blank"" rel=""noopener noreferrer"" href=""https://en.wikipedia.org/wiki/Thomas_Nugent_(travel_writer)"">Thomas Nugent (1700–1772)</a>","Vol. 1. <a target=""_blank"" rel=""noopener noreferrer"" href=""https://archive.org/details/bim_eighteenth-century_the-spirit-of-laws-tran_montesquieu-charles-de-_1758_1"">Internet Archive</a><br>Vol. 2. <a target=""_blank"" rel=""noopener noreferrer"" href=""https://archive.org/details/bim_eighteenth-century_the-spirit-of-laws-tran_montesquieu-charles-de-_1758_2"">Internet Archive</a>",
De l'esprit des lois,Amsterdam,United Provinces,La Compagnie,1758,French,United Provinces,,,,
Oeuvres de Monsieur de Montesquieu,Geneva,Geneva City State,"C. & A. Philibert, 1759",1759,French,Swiss States and Associates,,,"Vol. 3–4 <a target=""_blank"" rel=""noopener noreferrer"" href=""https://archive.org/details/delespirtdesloi00montgoog"">Internet Archive</a>",
Oeuvres de Monsieur de Montesquieu,Copenhagen,Denmark-Norway,"C. & A. Philibert, 1759",1759,French,Denmark-Norway,,,"Vol. 3–4 <a target=""_blank"" rel=""noopener noreferrer"" href=""https://archive.org/details/delespirtdesloi00montgoog"">Internet Archive</a>",
Oeuvres de Monsieur de Montesquieu,Amsterdam,United Provinces,Arkstee et Merkus,1759,French,United Provinces,Y,,"<a target=""_blank"" rel=""noopener noreferrer"" href=""https://gallica.bnf.fr/ark:/12148/bpt6k6235779v/f506.item"">Gallica BnF</a>","In the great <a target=""_blank"" rel=""noopener noreferrer"" href=""https://books.openedition.org/pur/38663?lang=en"">1758 edition</a> of Works by Montesquieu published by Huart and Moreau, in three volumes in-4° (under the address of ""Leipsick, chez Arkstée et Merkus""). It is this text from 1757/1758 which will now be reproduced in all editions of The Spirit of Laws, including modern critical editions."
Oeuvres de Monsieur de Montesquieu,Leipzig,German States,Arkstee et Merkus,1759,French,German States,Y,,"<a target=""_blank"" rel=""noopener noreferrer"" href=""https://gallica.bnf.fr/ark:/12148/bpt6k6235779v/f506.item"">Gallica BnF</a>","In the great <a target=""_blank"" rel=""noopener noreferrer"" href=""https://books.openedition.org/pur/38663?lang=en"">1758 edition</a> of Works by Montesquieu published by Huart and Moreau, in three volumes in-4° (under the address of ""Leipsick, chez Arkstée et Merkus""). It is this text from 1757/1758 which will now be reproduced in all editions of The Spirit of Laws, including modern critical editions."
De l'esprit des lois,Amsterdam,United Provinces,Grasset,1761,French,United Provinces,,,,
De l'esprit des lois,Lausanne,Switzerland,Grasset,1761,French,Swiss States and Associates,,,"Tome 2 <a target=""_blank"" rel=""noopener noreferrer"" href=""https://archive.org/details/oeuvresdemonsie00montgoog"">Internet Archive</a>",
The Spirit of the Laws,Edinburgh,Scotland,Donaldson and Reid,1762,English,Great Britain,,,,
De l'esprit des lois,Amsterdam,United Provinces,Arkstee et Merkus,1763,French,United Provinces,,,"Vol. 2. <a target=""_blank"" rel=""noopener noreferrer"" href=""https://archive.org/details/oeuvresdemonsieu02mont"">Internet Archive</a><br>Vol. 4. <a target=""_blank"" rel=""noopener noreferrer"" href=""https://archive.org/details/delespritdesloix04mont"">Internet Archive</a>",
De l'esprit des lois,Leipzig,German States,Arkstee et Merkus,1763,French,German States,,,"Vol. 2. <a target=""_blank"" rel=""noopener noreferrer"" href=""https://archive.org/details/oeuvresdemonsieu02mont"">Internet Archive</a><br>Vol. 4. <a target=""_blank"" rel=""noopener noreferrer"" href=""https://archive.org/details/delespritdesloix04mont"">Internet Archive</a>",
Oeuvres de Monsieur de Montesquieu,Geneva,Geneva City State,Philibert,1764,French,Swiss States and Associates,,,,
Oeuvres de Monsieur de Montesquieu,Copenhagen,Denmark-Norway,Philibert,1764,French,Denmark-Norway,,,,
Oeuvres de Monsieur de Montesquieu,Amsterdam,United Provinces,Arkstee et Merkus,1764,French,United Provinces,,,"Tome 1. <a target=""_blank"" rel=""noopener noreferrer"" href=""https://archive.org/details/delespritdesloi01monguat"">Internet Archive</a><br>Tome 2. <a target=""_blank"" rel=""noopener noreferrer"" href=""https://archive.org/details/delespritdesloi02monguat"">Internet Archive</a><br>Tome 3. <a target=""_blank"" rel=""noopener noreferrer"" href=""https://archive.org/details/delespritdesloi03monguat"">Internet Archive</a><br>Tome 4. <a target=""_blank"" rel=""noopener noreferrer"" href=""https://archive.org/details/delespritdesloi04monguat"">Internet Archive</a>",
Oeuvres de Monsieur de Montesquieu,Leipzig,German States,Arkstee et Merkus,1764,French,German States,,,"Tome 1. <a target=""_blank"" rel=""noopener noreferrer"" href=""https://archive.org/details/delespritdesloi01monguat"">Internet Archive</a><br>Tome 2. <a target=""_blank"" rel=""noopener noreferrer"" href=""https://archive.org/details/delespritdesloi02monguat"">Internet Archive</a><br>Tome 3. <a target=""_blank"" rel=""noopener noreferrer"" href=""https://archive.org/details/delespritdesloi03monguat"">Internet Archive</a><br>Tome 4. <a target=""_blank"" rel=""noopener noreferrer"" href=""https://archive.org/details/delespritdesloi04monguat"">Internet Archive</a>",
Oeuvres de Monsieur de Montesquieu,Amsterdam,United Provinces,Arkstee et Merkus,1765,French,United Provinces,,,,
Oeuvres de Monsieur de Montesquieu,Leipzig,German States,Arkstee et Merkus,1765,French,German States,,,,
The Spirit of the Laws,London,England,Nourse and Vaillant,1766,English,Great Britain,Y,"<a target=""_blank"" rel=""noopener noreferrer"" href=""https://en.wikipedia.org/wiki/Thomas_Nugent_(travel_writer)"">Thomas Nugent (1700–1772)</a>","<a target=""_blank"" rel=""noopener noreferrer"" href=""https://link.gale.com/apps/doc/CW0123929690/ECCO?u=franche&sid=bookmark-ECCO&xid=1999f231&pg=482"">Gale digitised edition.</a><br>Vol. 1. <a target=""_blank"" rel=""noopener noreferrer"" href=""https://archive.org/details/bim_eighteenth-century_the-spirit-of-laws-tran_montesquieu-charles-de-_1766_1"">Internet Archive</a><br>Vol. 2. <a target=""_blank"" rel=""noopener noreferrer"" href=""https://archive.org/details/bim_eighteenth-century_the-spirit-of-laws-tran_montesquieu-charles-de-_1766_2"">Internet Archive</a>",
The Spirit of the Laws,Dublin,Ireland,Faulkner and Ewing,1767,English,Ireland,,,,
Oeuvres de Monsieur de Montesquieu,Paris,France,Nourse [Huart],1767,French,France,,,"Tome 2 <a target=""_blank"" rel=""noopener noreferrer"" href=""https://archive.org/details/uvresdemonsieur00conggoog"">Internet Archive</a>",
Oeuvres de Monsieur de Montesquieu,London,England,S.N.,1767,French,France,,,"Vol. 1. <a target=""_blank"" rel=""noopener noreferrer"" href=""https://archive.org/details/bim_eighteenth-century_works-oeuvres-de-mons_montesquieu-charles-de-_1767_1"">Internet Archive</a></a><br>Vol. 2. <a target=""_blank"" rel=""noopener noreferrer"" href=""https://archive.org/details/bim_eighteenth-century_works-oeuvres-de-mons_montesquieu-charles-de-_1767_2"">Internet Archive</a>",
The Spirit of the Laws,Edinburgh,Scotland,Donaldson,1768,English,Great Britain,,,"Vol. 1. <a target=""_blank"" rel=""noopener noreferrer"" href=""https://archive.org/details/bim_eighteenth-century_the-spirit-of-laws-tran_montesquieu-charles-de-_1768_1""> Internet Archive</a><br>Vol. 2.<a target=""_blank"" rel=""noopener noreferrer"" href=""https://archive.org/details/bim_eighteenth-century_the-spirit-of-laws-tran_montesquieu-charles-de-_1768_2""> Internet Archive</a>",
De l'esprit des lois,London,England,S.N.,1768,French,Great Britain,,,"Tome 1. <a target=""_blank"" rel=""noopener noreferrer"" href=""https://archive.org/details/bim_eighteenth-century_de-lesprit-des-lois-no_secondat-charles-louis-_1768_1"">Internet Archive</a><br>Tome 2. <a target=""_blank"" rel=""noopener noreferrer"" href=""https://archive.org/details/bim_eighteenth-century_de-lesprit-des-lois-no_secondat-charles-louis-_1768_2"">Internet Archive</a><br>Tome 3. <a target=""_blank"" rel=""noopener noreferrer"" href=""https://archive.org/details/bim_eighteenth-century_de-lesprit-des-lois-no_secondat-charles-louis-_1768_3"">Internet Archive</a><br>Tome 4. <a target=""_blank"" rel=""noopener noreferrer"" href=""https://archive.org/details/bim_eighteenth-century_de-lesprit-des-lois-no_secondat-charles-louis-_1768_4"">Internet Archive</a>",
Oeuvres de Monsieur de Montesquieu,Amsterdam,United Provinces,Arkstee et Merkus,1769,French,United Provinces,,,"Vol. 1.<a target=""_blank"" rel=""noopener noreferrer"" href=""https://archive.org/details/oeuvresdemonsieu01mont"">Internet Archive</a></br>Vol. 3. <a target=""_blank"" rel=""noopener noreferrer"" href=""https://archive.org/details/oeuvresdemonsie03mont"">Internet Archive</a>",
Oeuvres de Monsieur de Montesquieu,Leipzig,German States,Arkstee et Merkus,1769,French,German States,,,"Vol. 1.<a target=""_blank"" rel=""noopener noreferrer"" href=""https://archive.org/details/oeuvresdemonsieu01mont"">Internet Archive</a></br>Vol. 3. <a target=""_blank"" rel=""noopener noreferrer"" href=""https://archive.org/details/oeuvresdemonsie03mont"">Internet Archive</a>",
Oeuvres de Monsieur de Montesquieu,London [Paris],England [Paris],Nourse [Le Clerc],1769,French,Great Britain,,,"Vol. 1. <a target=""_blank"" rel=""noopener noreferrer"" href=""https://archive.org/details/delespritdesloi07montgoog"">Internet Archive</a><br>Vol. 2. <a target=""_blank"" rel=""noopener noreferrer"" href=""https://archive.org/details/delespritdesloi05montgoog"">Internet Archive</a><br>Vol. 4. <a target=""_blank"" rel=""noopener noreferrer"" href=""https://archive.org/details/delespritdesloi06montgoog"">Internet Archive</a>","v.2-3 have imprint Amsterdam, 1784"
The Spirit of the Laws,Berwick-upon-Tweed,England,Taylor,1770,English,Great Britain,,,"Vol. 1. <a target=""_blank"" rel=""noopener noreferrer"" href=""https://archive.org/details/bim_eighteenth-century_the-spirit-of-laws-tran_montesquieu-charles-de-_1770_1"">Internet Archive</a><br>Vol. 2. <a target=""_blank"" rel=""noopener noreferrer"" href=""https://archive.org/details/bim_eighteenth-century_the-spirit-of-laws-tran_montesquieu-charles-de-_1770_2"">Internet Archive</a><br>Vol. 3. <a target=""_blank"" rel=""noopener noreferrer"" href=""https://archive.org/details/bim_eighteenth-century_the-spirit-of-laws-tran_montesquieu-charles-de-_1770_3""> Internet Archive</a>",
Om lovenes natur og aarsag,Copenhagen,Denmark-Norway,Svare og Skindergaden,1770,Danish,Denmark-Norway,,,,
De l'esprit des lois,Amsterdam,United Provinces,Grasset,1770,French,United Provinces,,,,
De l'esprit des lois,Lausanne,Switzerland,Grasset,1770,French,Swiss States and Associates,,,,
De aart der wetten,Amsterdam,United Provinces,Kok,1771,Dutch,United Provinces,,,,
Oeuvres de Monsieur de Montesquieu,Geneva,Geneva City State,Cailler,1771,French,Swiss States and Associates,,,,
The Spirit of the Laws,Edinburgh,Scotland,Donaldson,1772,English,Great Britain,,,"Vol. 1. <a target=""_blank"" rel=""noopener noreferrer"" href=""https://archive.org/details/bim_eighteenth-century_the-spirit-of-laws-tran_montesquieu-charles-de-_1772_1"">Internet Archive</a><br>Vol. 2. <a target=""_blank"" rel=""noopener noreferrer"" href=""https://archive.org/details/bim_eighteenth-century_the-spirit-of-laws-tran_montesquieu-charles-de-_1772_2"">Internet Archive</a>",
Oeuvres de Monsieur de Montesquieu,Liège,Austrian Netherlands,Nourse [Bassompierre],1772,French,Austrian Netherlands,,,,
The Spirit of the Laws,London,England,"Crowder, Ware, and Payne",1773,English,Great Britain,Y,,"<a target=""_blank"" rel=""noopener noreferrer"" href=""https://link.gale.com/apps/doc/CW0124242768/ECCO?u=franche&sid=bookmark-ECCO&xid=2d3ff4f2&pg=327"">Gale digitised edition</a>",
The Spirit of the Laws,Edinburgh,Scotland,Kincaid and Creech,1773,English,Great Britain,,,,
The Spirit of the Laws,London,England,Nourse and Vaillant,1773,English,Great Britain,,"<a target=""_blank"" rel=""noopener noreferrer"" href=""https://en.wikipedia.org/wiki/Thomas_Nugent_(travel_writer)"">Thomas Nugent (1700–1772)</a>","Vol. 1. <a target=""_blank"" rel=""noopener noreferrer"" href=""https://books.google.fr/books/about/The_Spirit_of_Laws.html?id=eZIIAAAAQAAJ&#038;redir_esc=y"">Internet Archive</a><br>Vol. 1. <a target=""_blank"" rel=""noopener noreferrer"" href=""https://archive.org/details/bim_eighteenth-century_the-spirit-of-laws-tran_montesquieu-charles-de-_1773_1"">Internet Archive</a><br>Vol. 2. <a target=""_blank"" rel=""noopener noreferrer"" href=""https://archive.org/details/bim_eighteenth-century_the-spirit-of-laws-tran_montesquieu-charles-de-_1773_2"">Internet Archive</a>",
Lo spirito delle leggi,Amsterdam,United Provinces,S.N.,1773,Italian,United Provinces,,,,"Potentially the <a target=""_blank"" rel=""noopener noreferrer"" href=""https://www.finarte.it/asta/libri-autografi-e-stampe-roma-2024-07-04/charles-louis-de-secondat-montesquieu-spirito-delle-leggi-con-le-note-dell-abate-antonio-genovesi-124811"">Venetian counterfeit</a> issued with a false place and date of printing ""Amsterdam 1773""."
Oeuvres de Monsieur de Montesquieu,Amsterdam,United Provinces,Arkstee et Merkus,1773,French,United Provinces,,,,
Oeuvres de Monsieur de Montesquieu,Leipzig,German States,Arkstee et Merkus,1773,French,German States,,,,
The Spirit of the Laws,London,England,Clarke,1773,English,Great Britain,,,,
O razumiÍ¡e zakonov,Saint Petersburg,Russia,Imperatorskoi Akademii Nauk,1775,Slovenian,Russia,,,,
Oeuvres de Monsieur de Montesquieu,Amsterdam,United Provinces,S.N.,1775,French,United Provinces,,,,
The Spirit of the Laws,London,England,"Crowder, Ware, and Payne",1777,English,Great Britain,,,,
Lo spirito delle leggi. Ed. Antonio Genovese,Naples,Italian States,Terres,1777,Italian,Italian States,Y,"<a target=""_blank"" rel=""noopener noreferrer"" href=""https://en.wikipedia.org/wiki/Antonio_Genovesi"">Antonio Gennovesi (1712–1769)</a>","<a target=""_blank"" rel=""noopener noreferrer"" href=""https://books.google.de/books?id=5NzDvUAAeFMC&printsec=frontcover&source=gbs_ge_summary_r&cad=0#v=onepage&q&f=false"">Google Books</a><br><a target=""_blank"" rel=""noopener noreferrer"" href=""https://archive.org/details/Spirito-delle-leggi-del-signore-di-Montesquieu-con-le-note-dellabate-Antonio-Genov-PHAIDRA_o_164053?"">Internet Archive</a>","<a target=""_blank"" rel=""noopener noreferrer"" href=""https://www.finarte.it/asta/libri-autografi-e-stampe-roma-2024-07-04/charles-louis-de-secondat-montesquieu-spirito-delle-leggi-con-le-note-dell-abate-antonio-genovesi-124811"" title=""Finarte lot: Montesquieu, Spirito delle leggi (Naples, 1777)"">First complete Italian edition</a>, with Antonio Genovesi’s annotated translation from the French, published in Naples by Domenico Terres."
Oeuvres de Monsieur de Montesquieu,Amsterdam,United Provinces,Arkstee et Merkus,1777,French,United Provinces,,,"Vol. 1. <a target=""_blank"" rel=""noopener noreferrer"" href=""https://archive.org/details/oeuvresdemonsi01mont"">Internet Archive</a><br>Vol. 2. <a target=""_blank"" rel=""noopener noreferrer"" href=""https://archive.org/details/oeuvresdemonsi02mont"">Internet Archive</a><br>Vol. 3. <a target=""_blank"" rel=""noopener noreferrer"" href=""https://archive.org/details/oeuvresdemonsieu03mont"">Internet Archive</a><br>Vol. 4. <a target=""_blank"" rel=""noopener noreferrer"" href=""https://archive.org/details/oeuvresdemonsi04mont"">Internet Archive</a>",
Oeuvres de Monsieur de Montesquieu,Leipzig,German States,Arkstee et Merkus,1777,French,German States,,,"Vol. 1. <a target=""_blank"" rel=""noopener noreferrer"" href=""https://archive.org/details/oeuvresdemonsi01mont"">Internet Archive</a><br>Vol. 2. <a target=""_blank"" rel=""noopener noreferrer"" href=""https://archive.org/details/oeuvresdemonsi02mont"">Internet Archive</a><br>Vol. 3. <a target=""_blank"" rel=""noopener noreferrer"" href=""https://archive.org/details/oeuvresdemonsieu03mont"">Internet Archive</a><br>Vol. 4. <a target=""_blank"" rel=""noopener noreferrer"" href=""https://archive.org/details/oeuvresdemonsi04mont"">Internet Archive</a>",
The Complete Works of Monsieur de Montesquieu,London,England,Evans and Davis,1777,English,Great Britain,,,"Vol. 1. <a target=""_blank"" rel=""noopener noreferrer"" href=""https://archive.org/details/bim_eighteenth-century_the-complete-works-of-m_montesquieu-charles-de-_1777_1"">Internet Archive</a><br>Vol. 2. <a target=""_blank"" rel=""noopener noreferrer"" href=""https://archive.org/details/bim_eighteenth-century_the-complete-works-of-m_montesquieu-charles-de-_1777_2"">Internet Archive</a>",
The Complete Works of Monsieur de Montesquieu,Dublin,Ireland,Watson,1777,English,Ireland,,,"Vol. 1. <a target=""_blank"" rel=""noopener noreferrer"" href=""https://archive.org/details/bim_eighteenth-century_the-complete-works-of-m_montesquieu-charles-de-_1777_1_0"">Internet Archive</a><br>Vol. 2. <a target=""_blank"" rel=""noopener noreferrer"" href=""https://archive.org/details/bim_eighteenth-century_the-complete-works-of-m_montesquieu-charles-de-_1777_2_0"">Internet Archive</a><br>Vol. 3. <a target=""_blank"" rel=""noopener noreferrer"" href=""https://archive.org/details/bim_eighteenth-century_the-complete-works-of-m_montesquieu-charles-de-_1777_3_0"">Internet Archive</a><br>Vol. 4. <a target=""_blank"" rel=""noopener noreferrer"" href=""https://archive.org/details/bim_eighteenth-century_the-complete-works-of-m_montesquieu-charles-de-_1777_4_0"">Internet Archive</a>",
De l'esprit des lois,London,England,S.N.,1777,French,Great Britain,,,"Vol. 4. <a target=""_blank"" rel=""noopener noreferrer"" href=""https://archive.org/details/oeuvresdemonsi04mont"">Internet Archive</a>",
De l'esprit des lois,London,England,S.N.,1777,French,Great Britain,,,,
De l'esprit des lois,Geneva,Geneva City State,S.N.,1777,French,Swiss States and Associates,,,,
Duch Czyli Treść Praw Albo,Leipzig,German States,Duch Czyli Treść Praw Albo,1777,Polish,German States,Y,,"<a target=""_blank"" rel=""noopener noreferrer"" href=""http://polona.pl/preview/baa740c2-fbf5-4705-bced-a745a57de4e2"">polona.pl</a>",
Duch Czyli Treść Praw Albo,Dresden,German States,Duch Czyli Treść Praw Albo,1777,Polish,German States,Y,,"<a target=""_blank"" rel=""noopener noreferrer"" href=""http://polona.pl/preview/baa740c2-fbf5-4705-bced-a745a57de4e2"">polona.pl</a>",
The Spirit of the Laws,Edinburgh,Scotland,Donaldson,1778,English,Great Britain,,,"Vol. 1. <a target=""_blank"" rel=""noopener noreferrer"" href=""https://archive.org/details/bim_eighteenth-century_the-spirit-of-laws-tran_montesquieu-charles-de-_1778_1"">Internet Archive</a><br>Vol. 2. <a target=""_blank"" rel=""noopener noreferrer"" href=""https://archive.org/details/bim_eighteenth-century_the-spirit-of-laws-tran_montesquieu-charles-de-_1778_2"">Internet Archive</a>",
Oeuvres de Monsieur de Montesquieu,Amsterdam,United Provinces,Arkstee et Merkus,1781,French,United Provinces,,,,
Des Herrn von Montesquieu sämmtliche Werke,Altenburg,German States,Richter,1782,German,German States,,,,
De geest der wetten,Amsterdam,United Provinces,Holtrop,1783,Dutch,United Provinces,,,,
De l'esprit des lois,Amsterdam,United Provinces,Grasset,1783,French,United Provinces,,,,
De l'esprit des lois,Lausanne,Switzerland,Grasset,1783,French,Swiss States and Associates,,,,
De l'esprit des lois,Amsterdam,United Provinces,S.N.,1784,French,United Provinces,,,,
De l'esprit des lois,Deux-Ponts,German States,Sanson & Compagnie,1784,French,German States,Y,,"<a target=""_blank"" rel=""noopener noreferrer"" href=""https://www.google.de/books/edition/De_l_esprit_des_lois/1FwHAAAAQAAJ?hl=en&gbpv=1"">Google Books</a>",
Oeuvres de Monsieur de Montesquieu,Amsterdam,United Provinces,S.N.,1785,French,United Provinces,,,"Tome 4 <a target=""_blank"" rel=""noopener noreferrer"" href=""https://archive.org/details/uvresdemonsieur17montgoog"">Internet Archive</a>",
Oeuvres De Monsieur de Montesquieu,London,England,S.N.,1787,French,Great Britain,,,"Tome 1 <a target=""_blank"" rel=""noopener noreferrer"" href=""https://archive.org/details/dlibra.bibliotekaelblaska.pl.92988-1_300.47654136"">Internet Archive</a><br>Tome 3 <a target=""_blank"" rel=""noopener noreferrer"" href=""https://archive.org/details/dlibra.bibliotekaelblaska.pl.92988-3_300.45084762"">Internet Archive</a>",
Oeuvres de Monsieur de Montesquieu,Riemst,Austrian Netherlands,S.N. [Cazin],1787,French,Austrian Netherlands,,,,
Oeuvres de Monsieur de Montesquieu,Paris,France,Bastien,1788,French,France,,,"Vol. 2. <a target=""_blank"" rel=""noopener noreferrer"" href=""https://archive.org/details/oeuvresdemontes00bastgoog"">Internet Archive</a>",
Oeuvres de Monsieur de Montesquieu,Amsterdam,United Provinces,S.N.,1790,French,United Provinces,,,,
The Spirit of the Laws,Dublin,Ireland,M'Kenzie and Moore,1791,English,Ireland,,,"Vol. 1. <a target=""_blank"" rel=""noopener noreferrer"" href=""https://archive.org/details/bim_eighteenth-century_the-spirit-of-laws-tran_montesquieu-charles-de-_1792_1"">hInternet Archive</a><br>Vol. 2. <a target=""_blank"" rel=""noopener noreferrer"" href=""https://archive.org/details/bim_eighteenth-century_the-spirit-of-laws-tran_montesquieu-charles-de-_1792_2"">Internet Archive</a>",
The Spirit of the Laws,Dublin,Ireland,Jones,1792,English,Ireland,,,,
The spirit of the laws,Glasgow,Scotland,"Niven, Duncan and Son, J. & M. Robertson, and J. & W. Shaw",1793,English,Great Britain,,,"Vol. 1. <a target=""_blank"" rel=""noopener noreferrer"" href=""https://archive.org/details/bim_eighteenth-century_the-spirit-of-laws-in-t_montesquieu-charles-de-_1793_1"">Internet Archive</a><br>Vol. 2. <a target=""_blank"" rel=""noopener noreferrer"" href=""https://archive.org/details/bim_eighteenth-century_the-spirit-of-laws-in-t_montesquieu-charles-de-_1793_2"">Internet Archive</a>",
The Spirit of the Laws,Edinburgh,Scotland,Ruddiman,1793,English,Great Britain,,,,
The Spirit of the Laws,London,England,Wingrave,1793,English,Great Britain,,,"<a target=""_blank"" rel=""noopener noreferrer"" href=""https://archive.org/details/bim_eighteenth-century_de-lesprit-des-loix-e_montesquieu-charles-de-_1793"">Internet Archive</a>",
The Spirit of the Laws,London,England,Dodesley and Owen,1794,English,Great Britain,,,"Vol. 1. <a target=""_blank"" rel=""noopener noreferrer"" href=""https://archive.org/details/bim_eighteenth-century_the-spirit-of-laws-tran_montesquieu-charles-de-_1794_1"">Internet Archive</a><br>Vol. 2. <a target=""_blank"" rel=""noopener noreferrer"" href=""https://archive.org/details/bim_eighteenth-century_the-spirit-of-laws-tran_montesquieu-charles-de-_1794_2"">Internet Archive</a>",
The Spirit of the Laws,London,England,"Printed for James Evans. North America: Sold by Messrs. Thomas and Andrews; Ebenezer Larkin, David West, Mr. J. Thomas, and Messrs. Carter and Wilkinson",1794,English,Great Britain,Y,,"<a target=""_blank"" rel=""noopener noreferrer"" href=""https://link.gale.com/apps/doc/CW0124003773/ECCO?u=franche&sid=bookmark-ECCO&xid=c53a15c9&pg=346"">Gale digitised edition</a><br>Vol. 1. <a target=""_blank"" rel=""noopener noreferrer"" href=""https://archive.org/details/bim_eighteenth-century_de-lesprit-des-loix-e_montesquieu-charles-de-_1794_1"">Internet Archive</a><br>Vol. 2. <a target=""_blank"" rel=""noopener noreferrer"" href=""https://archive.org/details/bim_eighteenth-century_de-lesprit-des-loix-e_montesquieu-charles-de-_1794_2"">Internet Archive</a>",
Oeuvres de Monsieur de Montesquieu,Paris,France,Didot l'aîné,1795,French,France,,,,
Oeuvres de Monsieur de Montesquieu,Paris,France,"Plassan, Régent-Bernard, et Grégoire",1796,French,France,,,,
Oeuvres de Monsieur de Montesquieu,Paris,France,Gueffier et Langlois,1796,French,France,,,"Vol. 3. <a target=""_blank"" rel=""noopener noreferrer"" href=""https://archive.org/details/oeuvresdemontes03montgoog"">Internet Archive</a>",
Oeuvres de Monsieur de Montesquieu,Paris,France,Smits,1796,French,France,,,,
Oeuvres de Monsieur de Montesquieu,Paris,France,Favre and Suchesne,1796,French,France,,,,
The Spirit of the Laws,Glasgow,Scotland,Duncan,1797,English,Great Britain,,,,
Oeuvres de Monsieur de Montesquieu,Paris,France,Gide,1797,French,France,,,,
Lo spirito delle leggi,Naples,Italian States,Terres,1798,Italian,Italian States,,,,
Oeuvres de Monsieur de Montesquieu,Basel,Switzerland,Decker,1799,French,Swiss States and Associates,,,,
Des Herrn von Montesquieu sämmtliche Werke,Vienna,Austria,Wien und Bauer,1799,German,Habsburg Monarchy,Y,,"<a target=""_blank"" rel=""noopener noreferrer"" href=""http://resolver.sub.uni-goettingen.de/purl?PPN86884277X"">Edition at uni-goettingen.de</a>",
The Complete Works of Monsieur de Montesquieu,London,England,Vernor and Hood,1800,English,Great Britain,Y,,"<a target=""_blank"" rel=""noopener noreferrer"" href=""https://go-gale-com.scd1.univ-fcomte.fr/ps/retrieve.do?tabID=Monographs&resultListType=RESULT_LIST&searchResultsType=SingleTab&retrievalId=d430c913-42e9-43d1-9a77-7fafe6eeb1fa&hitCount=87&searchType=AdvancedSearchForm&currentPosition=85&docId=GALE%7CCW0119646793&docType=Monograph&sort=Pub+Date+Forward+Chron&contentSegment=ZCEZ&prodId=ECCO&pageNum=5&contentSet=GALE%7CCW0119646793&searchId=R2&userGroupName=franche&inPS=true"">Gale digitised edition</a><br>Vol. 1. <a target=""_blank"" rel=""noopener noreferrer"" href=""https://archive.org/details/bim_eighteenth-century_the-works-of-m-de-secon_montesquieu-charles-de-_1800_1"">Internet Archive</a><br>Vol. 2. <a target=""_blank"" rel=""noopener noreferrer"" href=""https://archive.org/details/bim_eighteenth-century_the-works-of-m-de-secon_montesquieu-charles-de-_1800_2"">Internet Archive</a>",
De l'esprit des lois,Paris,France,Didot,1803,French,France,Y,,"Tome 1. <a target=""_blank"" rel=""noopener noreferrer"" href=""https://digital.ulb.hhu.de/ihd/content/titleinfo/10147025"">Edition at ulb.hhu.de</a><br>Tome 2. <a target=""_blank"" rel=""noopener noreferrer"" href=""https://digital.ulb.hhu.de/ihd/content/titleinfo/10151534"">Edition at ulb.hhu.de</a><br>Tome 3. <a target=""_blank"" rel=""noopener noreferrer"" href=""https://digital.ulb.hhu.de/ihd/content/titleinfo/10151848"">Edition at ulb.hhu.de</a><br>Tome 4. <a target=""_blank"" rel=""noopener noreferrer"" href=""https://digital.ulb.hhu.de/ihd/content/titleinfo/10147340"">Edition at ulb.hhu.de</a><br>Tome 5. <a target=""_blank"" rel=""noopener noreferrer"" href=""https://digital.ulb.hhu.de/ihd/content/titleinfo/10147625"">Edition at ulb.hhu.de</a>",
